t,impulso,maniobra,v,rumbo,fx,fy,normF,dx,dy
1750083022.031,False,avance_libre,2.57,317.1,0.0,0.0,0.0,0.7325428987873789,-0.6807208689589177
1750083022.535,False,avance_libre,2.57,317.1,0.0,0.0,0.0,0.7325428987873789,-0.6807208689589177
1750083023.037,False,avance_libre,2.57,317.1,0.0,0.0,0.0,0.7325428987873789,-0.6807208689589177
1750083023.538,False,avance_libre,2.57,317.1,0.0,0.0,0.0,0.7325428987873789,-0.6807208689589177
1750083024.031,False,avance_libre,2.57,317.1,0.0,0.0,0.0,0.7325428987873789,-0.6807208689589177
1750083024.529,False,avance_libre,2.57,317.1,0.0,0.0,0.0,0.7325428987873789,-0.6807208689589177
1750083025.03,False,avance_libre,2.57,317.1,0.0,0.0,0.0,0.7325428987873789,-0.6807208689589177
1750083025.531,False,avance_libre,2.57,317.1,0.0,0.0,0.0,0.7325428987873789,-0.6807208689589177
1750083026.034,False,avance_libre,2.57,317.1,0.0,0.0,0.0,0.7325428987873789,-0.6807208689589177
1750083026.538,False,avance_libre,2.57,317.1,0.0,0.0,0.0,0.7325428987873789,-0.6807208689589177
1750083027.033,False,avance_libre,2.57,317.1,0.0,0.0,0.0,0.7325428987873789,-0.6807208689589177
1750083027.529,False,avance_libre,2.57,317.1,0.0,0.0,0.0,0.7325428987873789,-0.6807208689589177
1750083028.031,False,avance_libre,2.57,317.1,0.0,0.0,0.0,0.7325428987873789,-0.6807208689589177
1750083028.551,False,avance_libre,2.57,317.1,0.0,0.0,0.0,0.7325428987873789,-0.6807208689589177
1750083029.047,False,avance_libre,2.57,317.1,0.0,0.0,0.0,0.7325428987873789,-0.6807208689589177
1750083029.56,False,avance_libre,2.57,317.1,0.0,0.0,0.0,0.7325428987873789,-0.6807208689589177
1750083030.078,False,avance_libre,2.57,317.1,0.0,0.0,0.0,0.7325428987873789,-0.6807208689589177
1750083030.576,False,avance_libre,2.57,317.1,0.0,0.0,0.0,0.7325428987873789,-0.6807208689589177
1750083031.085,False,avance_libre,2.57,317.1,0.0,0.0,0.0,0.7325428987873789,-0.6807208689589177
1750083031.582,False,avance_libre,2.57,317.1,0.0,0.0,0.0,0.7325428987873789,-0.6807208689589177
1750083032.077,False,avance_libre,2.57,317.1,0.0,0.0,0.0,0.7325428987873789,-0.6807208689589177
1750083032.58,False,avance_libre,2.57,317.1,0.0,0.0,0.0,0.7325428987873789,-0.6807208689589177
1750083033.079,False,avance_libre,2.57,317.1,0.0,0.0,0.0,0.7325428987873789,-0.6807208689589177
1750083033.589,False,avance_libre,2.57,317.1,0.0,0.0,0.0,0.7325428987873789,-0.6807208689589177
1750083034.108,False,avance_libre,2.57,317.1,0.0,0.0,0.0,0.7325428987873789,-0.6807208689589177
1750083034.62,False,avance_libre,2.57,317.1,0.0,0.0,0.0,0.7325428987873789,-0.6807208689589177
1750083035.136,False,avance_libre,2.57,317.1,0.0,0.0,0.0,0.7325428987873789,-0.6807208689589177
1750083035.633,False,avance_libre,2.57,317.1,0.0,0.0,0.0,0.7325428987873789,-0.6807208689589177
1750083036.127,False,avance_libre,2.57,317.1,0.0,0.0,0.0,0.7325428987873789,-0.6807208689589177
1750083036.623,False,avance_libre,2.57,317.1,0.0,0.0,0.0,0.7325428987873789,-0.6807208689589177
1750083037.123,False,avance_libre,2.57,317.1,0.0,0.0,0.0,0.7325428987873789,-0.6807208689589177
1750083037.621,False,avance_libre,2.57,317.1,0.0,0.0,0.0,0.7325428987873789,-0.6807208689589177
1750083038.16,False,avance_libre,2.57,317.1,0.0,0.0,0.0,0.7325428987873789,-0.6807208689589177
1750083038.675,False,avance_libre,2.57,317.1,0.0,0.0,0.0,0.7325428987873789,-0.6807208689589177
1750083039.137,False,avance_libre,2.57,317.1,0.0,0.0,0.0,0.7325428987873789,-0.6807208689589177
1750083039.629,False,avance_libre,2.57,317.1,0.0,0.0,0.0,0.7325428987873789,-0.6807208689589177
1750083040.126,False,avance_libre,2.57,317.1,0.0,0.0,0.0,0.7325428987873789,-0.6807208689589177
1750083040.634,False,avance_libre,2.57,317.1,0.0,0.0,0.0,0.7325428987873789,-0.6807208689589177
1750083041.143,False,avance_libre,2.57,317.1,0.0,0.0,0.0,0.7325428987873789,-0.6807208689589177
1750083041.653,False,avance_libre,2.57,317.1,0.0,0.0,0.0,0.7325428987873789,-0.6807208689589177
1750083042.173,False,avance_libre,2.57,317.1,0.0,0.0,0.0,0.7325428987873789,-0.6807208689589177
1750083042.673,False,avance_libre,2.57,317.1,0.0,0.0,0.0,0.7325428987873789,-0.6807208689589177
1750083043.192,False,avance_libre,2.57,317.1,0.0,0.0,0.0,0.7325428987873789,-0.6807208689589177
1750083043.709,False,avance_libre,2.57,317.1,0.0,0.0,0.0,0.7325428987873789,-0.6807208689589177
1750083044.205,False,avance_libre,2.57,317.1,0.0,0.0,0.0,0.7325428987873789,-0.6807208689589177
1750083044.705,False,avance_libre,2.57,317.1,0.0,0.0,0.0,0.7325428987873789,-0.6807208689589177
1750083045.213,False,avance_libre,2.57,317.1,0.0,0.0,0.0,0.7325428987873789,-0.6807208689589177
1750083045.735,False,avance_libre,2.57,317.1,0.0,0.0,0.0,0.7325428987873789,-0.6807208689589177
1750083046.23,False,avance_libre,2.57,317.1,0.0,0.0,0.0,0.7325428987873789,-0.6807208689589177
1750083046.752,False,avance_libre,2.57,317.1,0.0,0.0,0.0,0.7325428987873789,-0.6807208689589177
1750083047.249,False,avance_libre,2.57,317.1,0.0,0.0,0.0,0.7325428987873789,-0.6807208689589177
1750083047.759,False,avance_libre,2.57,317.1,0.0,0.0,0.0,0.7325428987873789,-0.6807208689589177
1750083048.244,False,avance_libre,2.57,317.1,0.0,0.0,0.0,0.7325428987873789,-0.6807208689589177
1750083048.758,False,avance_libre,2.57,317.1,0.0,0.0,0.0,0.7325428987873789,-0.6807208689589177
1750083049.259,False,avance_libre,2.57,317.1,0.0,0.0,0.0,0.7325428987873789,-0.6807208689589177
1750083049.759,False,avance_libre,2.57,317.1,0.0,0.0,0.0,0.7325428987873789,-0.6807208689589177
1750083050.256,False,avance_libre,2.57,317.1,0.0,0.0,0.0,0.7325428987873789,-0.6807208689589177
1750083050.752,False,avance_libre,2.57,317.1,0.0,0.0,0.0,0.7325428987873789,-0.6807208689589177
1750083051.272,False,avance_libre,2.57,317.1,0.0,0.0,0.0,0.7325428987873789,-0.6807208689589177
1750083051.77,False,avance_libre,2.57,317.1,0.0,0.0,0.0,0.7325428987873789,-0.6807208689589177
1750083052.277,False,avance_libre,2.57,317.1,0.0,0.0,0.0,0.7325428987873789,-0.6807208689589177
1750083052.779,False,avance_libre,2.57,317.1,0.0,0.0,0.0,0.7325428987873789,-0.6807208689589177
1750083053.279,False,avance_libre,2.57,317.1,0.0,0.0,0.0,0.7325428987873789,-0.6807208689589177
1750083053.797,False,avance_libre,2.57,317.1,0.0,0.0,0.0,0.7325428987873789,-0.6807208689589177
1750083054.314,False,avance_libre,2.57,317.1,0.0,0.0,0.0,0.7325428987873789,-0.6807208689589177
1750083054.815,False,avance_libre,2.57,317.1,0.0,0.0,0.0,0.7325428987873789,-0.6807208689589177
1750083055.346,False,avance_libre,2.57,317.1,0.0,0.0,0.0,0.7325428987873789,-0.6807208689589177
1750083055.831,False,avance_libre,2.57,317.1,0.0,0.0,0.0,0.7325428987873789,-0.6807208689589177
1750083056.337,False,avance_libre,2.57,317.1,0.0,0.0,0.0,0.7325428987873789,-0.6807208689589177
1750083056.834,False,avance_libre,2.57,317.1,0.0,0.0,0.0,0.7325428987873789,-0.6807208689589177
1750083057.325,False,avance_libre,2.57,317.1,0.0,0.0,0.0,0.7325428987873789,-0.6807208689589177
1750083057.823,False,avance_libre,2.57,317.1,0.0,0.0,0.0,0.7325428987873789,-0.6807208689589177
1750083058.333,False,avance_libre,2.57,317.1,0.0,0.0,0.0,0.7325428987873789,-0.6807208689589177
1750083058.828,False,avance_libre,2.57,317.1,0.0,0.0,0.0,0.7325428987873789,-0.6807208689589177
1750083059.331,False,avance_libre,2.57,317.1,0.0,0.0,0.0,0.7325428987873789,-0.6807208689589177
1750083059.833,False,avance_libre,2.57,317.1,0.0,0.0,0.0,0.7325428987873789,-0.6807208689589177
1750083060.33,False,avance_libre,2.57,317.1,0.0,0.0,0.0,0.7325428987873789,-0.6807208689589177
1750083060.825,False,avance_libre,2.57,317.1,0.0,0.0,0.0,0.7325428987873789,-0.6807208689589177
1750083061.344,False,avance_libre,2.57,317.1,0.0,0.0,0.0,0.7325428987873789,-0.6807208689589177
1750083061.856,False,avance_libre,2.57,317.1,0.0,0.0,0.0,0.7325428987873789,-0.6807208689589177
1750083062.373,False,avance_libre,2.57,317.1,0.0,0.0,0.0,0.7325428987873789,-0.6807208689589177
1750083062.875,False,avance_libre,2.57,317.1,0.0,0.0,0.0,0.7325428987873789,-0.6807208689589177
1750083063.375,False,avance_libre,2.57,317.1,0.0,0.0,0.0,0.7325428987873789,-0.6807208689589177
1750083063.876,False,avance_libre,2.57,317.1,0.0,0.0,0.0,0.7325428987873789,-0.6807208689589177
1750083064.375,False,avance_libre,2.57,317.1,0.0,0.0,0.0,0.7325428987873789,-0.6807208689589177
1750083064.875,False,avance_libre,2.57,317.1,0.0,0.0,0.0,0.7325428987873789,-0.6807208689589177
1750083065.375,False,avance_libre,2.57,317.1,0.0,0.0,0.0,0.7325428987873789,-0.6807208689589177
1750083065.874,False,avance_libre,2.57,317.1,0.0,0.0,0.0,0.7325428987873789,-0.6807208689589177
1750083066.374,False,avance_libre,2.57,317.1,0.0,0.0,0.0,0.7325428987873789,-0.6807208689589177
1750083066.874,False,avance_libre,2.57,317.1,0.0,0.0,0.0,0.7325428987873789,-0.6807208689589177
1750083067.373,False,avance_libre,2.57,317.1,0.0,0.0,0.0,0.7325428987873789,-0.6807208689589177
1750083067.873,False,avance_libre,2.57,317.1,0.0,0.0,0.0,0.7325428987873789,-0.6807208689589177
1750083068.373,False,avance_libre,2.57,317.1,0.0,0.0,0.0,0.7325428987873789,-0.6807208689589177
1750083068.873,False,avance_libre,2.57,317.1,0.0,0.0,0.0,0.7325428987873789,-0.6807208689589177
1750083069.371,False,avance_libre,2.57,317.1,0.0,0.0,0.0,0.7325428987873789,-0.6807208689589177
1750083069.883,False,avance_libre,2.57,317.1,0.0,0.0,0.0,0.7325428987873789,-0.6807208689589177
1750083070.381,False,avance_libre,2.57,317.1,0.0,0.0,0.0,0.7325428987873789,-0.6807208689589177
1750083070.873,False,avance_libre,2.57,317.1,0.0,0.0,0.0,0.7325428987873789,-0.6807208689589177
1750083071.387,False,avance_libre,2.57,317.1,0.0,0.0,0.0,0.7325428987873789,-0.6807208689589177
1750083071.899,False,avance_libre,2.57,317.1,0.0,0.0,0.0,0.7325428987873789,-0.6807208689589177
1750083072.389,False,avance_libre,2.57,317.1,0.0,0.0,0.0,0.7325428987873789,-0.6807208689589177
1750083072.912,False,avance_libre,2.57,317.1,0.0,0.0,0.0,0.7325428987873789,-0.6807208689589177
1750083073.4,False,avance_libre,2.57,317.1,0.0,0.0,0.0,0.7325428987873789,-0.6807208689589177
1750083073.904,False,avance_libre,2.57,317.1,0.0,0.0,0.0,0.7325428987873789,-0.6807208689589177
1750083074.413,False,avance_libre,2.57,317.1,0.0,0.0,0.0,0.7325428987873789,-0.6807208689589177
1750083074.904,False,avance_libre,2.57,317.1,0.0,0.0,0.0,0.7325428987873789,-0.6807208689589177
1750083075.402,False,avance_libre,2.57,317.1,0.0,0.0,0.0,0.7325428987873789,-0.6807208689589177
1750083075.9,False,avance_libre,2.57,317.1,0.0,0.0,0.0,0.7325428987873789,-0.6807208689589177
1750083076.416,False,avance_libre,2.57,317.1,0.0,0.0,0.0,0.7325428987873789,-0.6807208689589177
1750083076.913,False,avance_libre,2.57,317.1,0.0,0.0,0.0,0.7325428987873789,-0.6807208689589177
1750083077.411,False,avance_libre,2.57,317.1,0.0,0.0,0.0,0.7325428987873789,-0.6807208689589177
1750083077.91,False,avance_libre,2.57,317.1,0.0,0.0,0.0,0.7325428987873789,-0.6807208689589177
1750083078.412,False,avance_libre,2.57,317.1,0.0,0.0,0.0,0.7325428987873789,-0.6807208689589177
1750083078.909,False,avance_libre,2.57,317.1,0.0,0.0,0.0,0.7325428987873789,-0.6807208689589177
1750083079.402,False,avance_libre,2.57,317.1,0.0,0.0,0.0,0.7325428987873789,-0.6807208689589177
1750083079.911,False,avance_libre,2.57,317.1,0.0,0.0,0.0,0.7325428987873789,-0.6807208689589177
1750083080.409,False,avance_libre,2.57,317.1,0.0,0.0,0.0,0.7325428987873789,-0.6807208689589177
1750083080.907,False,avance_libre,2.57,317.1,0.0,0.0,0.0,0.7325428987873789,-0.6807208689589177
1750083081.403,False,avance_libre,2.57,317.1,0.0,0.0,0.0,0.7325428987873789,-0.6807208689589177
1750083081.907,False,avance_libre,2.57,317.1,0.0,0.0,0.0,0.7325428987873789,-0.6807208689589177
1750083082.411,False,avance_libre,2.57,317.1,0.0,0.0,0.0,0.7325428987873789,-0.6807208689589177
1750083082.906,False,avance_libre,2.57,317.1,0.0,0.0,0.0,0.7325428987873789,-0.6807208689589177
1750083083.413,False,avance_libre,2.57,317.1,0.0,0.0,0.0,0.7325428987873789,-0.6807208689589177
1750083083.906,False,avance_libre,2.57,317.1,0.0,0.0,0.0,0.7325428987873789,-0.6807208689589177
1750083084.409,False,avance_libre,2.57,317.1,0.0,0.0,0.0,0.7325428987873789,-0.6807208689589177
1750083084.913,False,avance_libre,2.57,317.1,0.0,0.0,0.0,0.7325428987873789,-0.6807208689589177
1750083085.411,False,avance_libre,2.57,317.1,0.0,0.0,0.0,0.7325428987873789,-0.6807208689589177
1750083085.907,False,avance_libre,2.57,317.1,0.0,0.0,0.0,0.7325428987873789,-0.6807208689589177
1750083086.414,False,avance_libre,2.57,317.1,0.0,0.0,0.0,0.7325428987873789,-0.6807208689589177
1750083086.908,False,avance_libre,2.57,317.1,0.0,0.0,0.0,0.7325428987873789,-0.6807208689589177
1750083087.428,False,avance_libre,2.57,317.1,0.0,0.0,0.0,0.7325428987873789,-0.6807208689589177
1750083087.923,False,avance_libre,2.57,317.1,0.0,0.0,0.0,0.7325428987873789,-0.6807208689589177
1750083088.438,False,avance_libre,2.57,317.1,0.0,0.0,0.0,0.7325428987873789,-0.6807208689589177
1750083088.952,False,avance_libre,2.57,317.1,0.0,0.0,0.0,0.7325428987873789,-0.6807208689589177
1750083089.449,False,avance_libre,2.57,317.1,0.0,0.0,0.0,0.7325428987873789,-0.6807208689589177
1750083089.954,False,avance_libre,2.57,317.1,0.0,0.0,0.0,0.7325428987873789,-0.6807208689589177
1750083090.461,False,avance_libre,2.57,317.1,0.0,0.0,0.0,0.7325428987873789,-0.6807208689589177
1750083090.948,False,avance_libre,2.57,317.1,0.0,0.0,0.0,0.7325428987873789,-0.6807208689589177
1750083091.449,False,avance_libre,2.57,317.1,0.0,0.0,0.0,0.7325428987873789,-0.6807208689589177
1750083091.948,False,avance_libre,2.57,317.1,0.0,0.0,0.0,0.7325428987873789,-0.6807208689589177
1750083092.456,False,avance_libre,2.57,317.1,0.0,0.0,0.0,0.7325428987873789,-0.6807208689589177
1750083092.955,False,avance_libre,2.57,317.1,0.0,0.0,0.0,0.7325428987873789,-0.6807208689589177
1750083093.45,False,avance_libre,2.57,317.1,0.0,0.0,0.0,0.7325428987873789,-0.6807208689589177
1750083093.951,False,avance_libre,2.57,317.1,0.0,0.0,0.0,0.7325428987873789,-0.6807208689589177
1750083094.451,False,avance_libre,2.57,317.1,0.0,0.0,0.0,0.7325428987873789,-0.6807208689589177
1750083094.952,False,avance_libre,2.57,317.1,0.0,0.0,0.0,0.7325428987873789,-0.6807208689589177
1750083095.449,False,avance_libre,2.57,317.1,0.0,0.0,0.0,0.7325428987873789,-0.6807208689589177
1750083095.976,False,avance_libre,2.57,317.1,0.0,0.0,0.0,0.7325428987873789,-0.6807208689589177
1750083096.468,False,avance_libre,2.57,317.1,0.0,0.0,0.0,0.7325428987873789,-0.6807208689589177
1750083096.966,False,avance_libre,2.57,317.1,0.0,0.0,0.0,0.7325428987873789,-0.6807208689589177
1750083097.478,False,avance_libre,2.57,317.1,0.0,0.0,0.0,0.7325428987873789,-0.6807208689589177
1750083097.978,False,avance_libre,2.57,317.1,0.0,0.0,0.0,0.7325428987873789,-0.6807208689589177
1750083098.494,False,avance_libre,2.57,317.1,0.0,0.0,0.0,0.7325428987873789,-0.6807208689589177
1750083099.004,False,avance_libre,2.57,317.1,0.0,0.0,0.0,0.7325428987873789,-0.6807208689589177
1750083099.502,False,avance_libre,2.57,317.1,0.0,0.0,0.0,0.7325428987873789,-0.6807208689589177
1750083100.0,False,avance_libre,2.57,317.1,0.0,0.0,0.0,0.7325428987873789,-0.6807208689589177
1750083100.505,False,avance_libre,2.57,317.1,0.0,0.0,0.0,0.7325428987873789,-0.6807208689589177
1750083100.995,False,avance_libre,2.57,317.1,0.0,0.0,0.0,0.7325428987873789,-0.6807208689589177
1750083101.521,False,avance_libre,2.57,317.1,0.0,0.0,0.0,0.7325428987873789,-0.6807208689589177
1750083102.035,False,avance_libre,2.57,317.1,0.0,0.0,0.0,0.7325428987873789,-0.6807208689589177
1750083102.54,False,avance_libre,2.57,317.1,0.0,0.0,0.0,0.7325428987873789,-0.6807208689589177
1750083103.03,False,avance_libre,2.57,317.1,0.0,0.0,0.0,0.7325428987873789,-0.6807208689589177
1750083103.526,False,avance_libre,2.57,317.1,0.0,0.0,0.0,0.7325428987873789,-0.6807208689589177
1750083104.043,False,avance_libre,2.57,317.1,0.0,0.0,0.0,0.7325428987873789,-0.6807208689589177
1750083104.536,False,avance_libre,2.57,317.1,0.0,0.0,0.0,0.7325428987873789,-0.6807208689589177
1750083105.064,False,avance_libre,2.57,317.1,0.0,0.0,0.0,0.7325428987873789,-0.6807208689589177
1750083105.527,False,avance_libre,2.57,317.1,0.0,0.0,0.0,0.7325428987873789,-0.6807208689589177
1750083106.028,False,avance_libre,2.57,317.1,0.0,0.0,0.0,0.7325428987873789,-0.6807208689589177
1750083106.526,False,avance_libre,2.57,317.1,0.0,0.0,0.0,0.7325428987873789,-0.6807208689589177
1750083107.032,False,avance_libre,2.57,317.1,0.0,0.0,0.0,0.7325428987873789,-0.6807208689589177
1750083107.531,False,avance_libre,2.57,317.1,0.0,0.0,0.0,0.7325428987873789,-0.6807208689589177
1750083108.03,False,avance_libre,2.57,317.1,0.0,0.0,0.0,0.7325428987873789,-0.6807208689589177
1750083108.543,False,avance_libre,2.57,317.1,0.0,0.0,0.0,0.7325428987873789,-0.6807208689589177
1750083109.053,False,avance_libre,2.57,317.1,0.0,0.0,0.0,0.7325428987873789,-0.6807208689589177
1750083109.565,False,avance_libre,2.57,317.1,0.0,0.0,0.0,0.7325428987873789,-0.6807208689589177
1750083110.077,False,avance_libre,2.57,317.1,0.0,0.0,0.0,0.7325428987873789,-0.6807208689589177
1750083110.575,False,avance_libre,2.57,317.1,0.0,0.0,0.0,0.7325428987873789,-0.6807208689589177
1750083111.074,False,avance_libre,2.57,317.1,0.0,0.0,0.0,0.7325428987873789,-0.6807208689589177
1750083111.604,False,avance_libre,2.57,317.1,0.0,0.0,0.0,0.7325428987873789,-0.6807208689589177
1750083112.114,False,avance_libre,2.57,317.1,0.0,0.0,0.0,0.7325428987873789,-0.6807208689589177
1750083112.625,False,avance_libre,2.57,317.1,0.0,0.0,0.0,0.7325428987873789,-0.6807208689589177
1750083113.121,False,avance_libre,2.57,317.1,0.0,0.0,0.0,0.7325428987873789,-0.6807208689589177
1750083113.63,False,avance_libre,2.57,317.1,0.0,0.0,0.0,0.7325428987873789,-0.6807208689589177
1750083114.127,False,avance_libre,2.57,317.1,0.0,0.0,0.0,0.7325428987873789,-0.6807208689589177
1750083114.625,False,avance_libre,2.57,317.1,0.0,0.0,0.0,0.7325428987873789,-0.6807208689589177
1750083115.122,False,avance_libre,2.57,317.1,0.0,0.0,0.0,0.7325428987873789,-0.6807208689589177
1750083115.619,False,avance_libre,2.57,317.1,0.0,0.0,0.0,0.7325428987873789,-0.6807208689589177
1750083116.132,False,avance_libre,2.57,317.1,0.0,0.0,0.0,0.7325428987873789,-0.6807208689589177
1750083116.624,False,avance_libre,2.57,317.1,0.0,0.0,0.0,0.7325428987873789,-0.6807208689589177
1750083117.139,False,avance_libre,2.57,317.1,0.0,0.0,0.0,0.7325428987873789,-0.6807208689589177
1750083117.638,False,avance_libre,2.57,317.1,0.0,0.0,0.0,0.7325428987873789,-0.6807208689589177
1750083118.153,False,avance_libre,2.57,317.1,0.0,0.0,0.0,0.7325428987873789,-0.6807208689589177
1750083118.663,False,avance_libre,2.57,317.1,0.0,0.0,0.0,0.7325428987873789,-0.6807208689589177
1750083119.159,False,avance_libre,2.57,317.1,0.0,0.0,0.0,0.7325428987873789,-0.6807208689589177
1750083119.662,False,avance_libre,2.57,317.1,0.0,0.0,0.0,0.7325428987873789,-0.6807208689589177
1750083120.161,False,avance_libre,2.57,317.1,0.0,0.0,0.0,0.7325428987873789,-0.6807208689589177
1750083120.662,False,avance_libre,2.57,317.1,0.0,0.0,0.0,0.7325428987873789,-0.6807208689589177
1750083121.175,False,avance_libre,2.57,317.1,0.0,0.0,0.0,0.7325428987873789,-0.6807208689589177
1750083121.689,False,avance_libre,2.57,317.1,0.0,0.0,0.0,0.7325428987873789,-0.6807208689589177
1750083122.201,False,avance_libre,2.57,317.1,0.0,0.0,0.0,0.7325428987873789,-0.6807208689589177
1750083122.7,False,avance_libre,2.57,317.1,0.0,0.0,0.0,0.7325428987873789,-0.6807208689589177
1750083123.199,False,avance_libre,2.57,317.1,0.0,0.0,0.0,0.7325428987873789,-0.6807208689589177
1750083123.701,False,avance_libre,2.57,317.1,0.0,0.0,0.0,0.7325428987873789,-0.6807208689589177
1750083124.217,False,avance_libre,2.57,317.1,0.0,0.0,0.0,0.7325428987873789,-0.6807208689589177
1750083124.714,False,avance_libre,2.57,317.1,0.0,0.0,0.0,0.7325428987873789,-0.6807208689589177
1750083125.228,False,avance_libre,2.57,317.1,0.0,0.0,0.0,0.7325428987873789,-0.6807208689589177
1750083125.735,False,avance_libre,2.57,317.1,0.0,0.0,0.0,0.7325428987873789,-0.6807208689589177
1750083126.226,False,avance_libre,2.57,317.1,0.0,0.0,0.0,0.7325428987873789,-0.6807208689589177
1750083126.726,False,avance_libre,2.57,317.1,0.0,0.0,0.0,0.7325428987873789,-0.6807208689589177
1750083127.226,False,avance_libre,2.57,317.1,0.0,0.0,0.0,0.7325428987873789,-0.6807208689589177
1750083127.741,False,avance_libre,2.57,317.1,0.0,0.0,0.0,0.7325428987873789,-0.6807208689589177
1750083128.24,False,avance_libre,2.57,317.1,0.0,0.0,0.0,0.7325428987873789,-0.6807208689589177
1750083128.754,False,avance_libre,2.57,317.1,0.0,0.0,0.0,0.7325428987873789,-0.6807208689589177
1750083129.254,False,avance_libre,2.57,317.1,0.0,0.0,0.0,0.7325428987873789,-0.6807208689589177
1750083129.759,False,avance_libre,2.57,317.1,0.0,0.0,0.0,0.7325428987873789,-0.6807208689589177
1750083130.259,False,avance_libre,2.57,317.1,0.0,0.0,0.0,0.7325428987873789,-0.6807208689589177
1750083130.751,False,avance_libre,2.57,317.1,0.0,0.0,0.0,0.7325428987873789,-0.6807208689589177
1750083131.249,False,avance_libre,2.57,317.1,0.0,0.0,0.0,0.7325428987873789,-0.6807208689589177
1750083131.752,False,avance_libre,2.57,317.1,0.0,0.0,0.0,0.7325428987873789,-0.6807208689589177
1750083132.25,False,avance_libre,2.57,317.1,0.0,0.0,0.0,0.7325428987873789,-0.6807208689589177
1750083132.76,False,avance_libre,2.57,317.1,0.0,0.0,0.0,0.7325428987873789,-0.6807208689589177
1750083133.257,False,avance_libre,2.57,317.1,0.0,0.0,0.0,0.7325428987873789,-0.6807208689589177
1750083133.752,False,avance_libre,2.57,317.1,0.0,0.0,0.0,0.7325428987873789,-0.6807208689589177
1750083134.251,False,avance_libre,2.57,317.1,0.0,0.0,0.0,0.7325428987873789,-0.6807208689589177
1750083134.747,False,avance_libre,2.57,317.1,0.0,0.0,0.0,0.7325428987873789,-0.6807208689589177
1750083135.247,False,avance_libre,2.57,317.1,0.0,0.0,0.0,0.7325428987873789,-0.6807208689589177
1750083135.778,False,avance_libre,2.57,317.1,0.0,0.0,0.0,0.7325428987873789,-0.6807208689589177
1750083136.258,False,avance_libre,2.57,317.1,0.0,0.0,0.0,0.7325428987873789,-0.6807208689589177
1750083136.75,False,avance_libre,2.57,317.1,0.0,0.0,0.0,0.7325428987873789,-0.6807208689589177
1750083137.249,False,avance_libre,2.57,317.1,0.0,0.0,0.0,0.7325428987873789,-0.6807208689589177
1750083137.748,False,avance_libre,2.57,317.1,0.0,0.0,0.0,0.7325428987873789,-0.6807208689589177
1750083138.245,False,avance_libre,2.57,317.1,0.0,0.0,0.0,0.7325428987873789,-0.6807208689589177
1750083138.756,False,avance_libre,2.57,317.1,0.0,0.0,0.0,0.7325428987873789,-0.6807208689589177
1750083139.257,False,avance_libre,2.57,317.1,0.0,0.0,0.0,0.7325428987873789,-0.6807208689589177
1750083139.769,False,avance_libre,2.57,317.1,0.0,0.0,0.0,0.7325428987873789,-0.6807208689589177
1750083140.269,False,avance_libre,2.57,317.1,0.0,0.0,0.0,0.7325428987873789,-0.6807208689589177
1750083140.768,False,avance_libre,2.57,317.1,0.0,0.0,0.0,0.7325428987873789,-0.6807208689589177
1750083141.266,False,avance_libre,2.57,317.1,0.0,0.0,0.0,0.7325428987873789,-0.6807208689589177
1750083141.765,False,avance_libre,2.57,317.1,0.0,0.0,0.0,0.7325428987873789,-0.6807208689589177
1750083142.277,False,avance_libre,2.57,317.1,0.0,0.0,0.0,0.7325428987873789,-0.6807208689589177
1750083142.784,False,avance_libre,2.57,317.1,0.0,0.0,0.0,0.7325428987873789,-0.6807208689589177
1750083143.291,False,avance_libre,2.57,317.1,0.0,0.0,0.0,0.7325428987873789,-0.6807208689589177
1750083143.82,False,avance_libre,2.57,317.1,0.0,0.0,0.0,0.7325428987873789,-0.6807208689589177
1750083144.332,False,avance_libre,2.57,317.1,0.0,0.0,0.0,0.7325428987873789,-0.6807208689589177
1750083144.83,False,avance_libre,2.57,317.1,0.0,0.0,0.0,0.7325428987873789,-0.6807208689589177
1750083145.328,False,avance_libre,2.57,317.1,0.0,0.0,0.0,0.7325428987873789,-0.6807208689589177
1750083145.825,False,avance_libre,2.57,317.1,0.0,0.0,0.0,0.7325428987873789,-0.6807208689589177
1750083146.321,False,avance_libre,2.57,317.1,0.0,0.0,0.0,0.7325428987873789,-0.6807208689589177
1750083146.823,False,avance_libre,2.57,317.1,0.0,0.0,0.0,0.7325428987873789,-0.6807208689589177
1750083147.333,False,avance_libre,2.57,317.1,0.0,0.0,0.0,0.7325428987873789,-0.6807208689589177
1750083147.833,False,avance_libre,2.57,317.1,0.0,0.0,0.0,0.7325428987873789,-0.6807208689589177
1750083148.327,False,avance_libre,2.57,317.1,0.0,0.0,0.0,0.7325428987873789,-0.6807208689589177
1750083148.829,False,avance_libre,2.57,317.1,0.0,0.0,0.0,0.7325428987873789,-0.6807208689589177
1750083149.326,False,avance_libre,2.57,317.1,0.0,0.0,0.0,0.7325428987873789,-0.6807208689589177
1750083149.83,False,avance_libre,2.57,317.1,0.0,0.0,0.0,0.7325428987873789,-0.6807208689589177
1750083150.325,False,avance_libre,2.57,317.1,0.0,0.0,0.0,0.7325428987873789,-0.6807208689589177
1750083150.824,False,avance_libre,2.57,317.1,0.0,0.0,0.0,0.7325428987873789,-0.6807208689589177
1750083151.323,False,avance_libre,2.57,317.1,0.0,0.0,0.0,0.7325428987873789,-0.6807208689589177
1750083151.828,False,avance_libre,2.57,317.1,0.0,0.0,0.0,0.7325428987873789,-0.6807208689589177
1750083152.328,False,avance_libre,2.57,317.1,0.0,0.0,0.0,0.7325428987873789,-0.6807208689589177
1750083152.838,False,avance_libre,2.57,317.1,0.0,0.0,0.0,0.7325428987873789,-0.6807208689589177
1750083153.406,False,avance_libre,2.57,317.1,0.0,0.0,0.0,0.7325428987873789,-0.6807208689589177
1750083153.853,False,avance_libre,2.57,317.1,0.0,0.0,0.0,0.7325428987873789,-0.6807208689589177
1750083154.368,False,avance_libre,2.57,317.1,0.0,0.0,0.0,0.7325428987873789,-0.6807208689589177
1750083154.92,False,avance_libre,2.57,317.1,0.0,0.0,0.0,0.7325428987873789,-0.6807208689589177
1750083155.394,False,avance_libre,2.57,317.1,0.0,0.0,0.0,0.7325428987873789,-0.6807208689589177
1750083155.892,False,avance_libre,2.57,317.1,0.0,0.0,0.0,0.7325428987873789,-0.6807208689589177
1750083156.39,False,avance_libre,2.57,317.1,0.0,0.0,0.0,0.7325428987873789,-0.6807208689589177
1750083156.89,False,avance_libre,2.57,317.1,0.0,0.0,0.0,0.7325428987873789,-0.6807208689589177
1750083157.389,False,avance_libre,2.57,317.1,0.0,0.0,0.0,0.7325428987873789,-0.6807208689589177
1750083157.885,False,avance_libre,2.57,317.1,0.0,0.0,0.0,0.7325428987873789,-0.6807208689589177
1750083158.396,False,avance_libre,2.57,317.1,0.0,0.0,0.0,0.7325428987873789,-0.6807208689589177
1750083158.889,False,avance_libre,2.57,317.1,0.0,0.0,0.0,0.7325428987873789,-0.6807208689589177
1750083159.393,False,avance_libre,2.57,317.1,0.0,0.0,0.0,0.7325428987873789,-0.6807208689589177
1750083159.888,False,avance_libre,2.57,317.1,0.0,0.0,0.0,0.7325428987873789,-0.6807208689589177
1750083160.394,False,avance_libre,2.57,317.1,0.0,0.0,0.0,0.7325428987873789,-0.6807208689589177
1750083160.897,False,avance_libre,2.57,317.1,0.0,0.0,0.0,0.7325428987873789,-0.6807208689589177
1750083161.388,False,avance_libre,2.57,317.1,0.0,0.0,0.0,0.7325428987873789,-0.6807208689589177
1750083161.907,False,avance_libre,2.57,317.1,0.0,0.0,0.0,0.7325428987873789,-0.6807208689589177
1750083162.406,False,avance_libre,2.57,317.1,0.0,0.0,0.0,0.7325428987873789,-0.6807208689589177
1750083162.906,False,avance_libre,2.57,317.1,0.0,0.0,0.0,0.7325428987873789,-0.6807208689589177
1750083163.41,False,avance_libre,2.57,317.1,0.0,0.0,0.0,0.7325428987873789,-0.6807208689589177
1750083163.913,False,avance_libre,2.57,317.1,0.0,0.0,0.0,0.7325428987873789,-0.6807208689589177
1750083164.406,False,avance_libre,2.57,317.1,0.0,0.0,0.0,0.7325428987873789,-0.6807208689589177
1750083164.905,False,avance_libre,2.57,317.1,0.0,0.0,0.0,0.7325428987873789,-0.6807208689589177
1750083165.405,False,avance_libre,2.57,317.1,0.0,0.0,0.0,0.7325428987873789,-0.6807208689589177
1750083165.905,False,avance_libre,2.57,317.1,0.0,0.0,0.0,0.7325428987873789,-0.6807208689589177
1750083166.408,False,avance_libre,2.57,317.1,0.0,0.0,0.0,0.7325428987873789,-0.6807208689589177
1750083166.908,False,avance_libre,2.57,317.1,0.0,0.0,0.0,0.7325428987873789,-0.6807208689589177
1750083167.406,False,avance_libre,2.57,317.1,0.0,0.0,0.0,0.7325428987873789,-0.6807208689589177
1750083167.912,False,avance_libre,2.57,317.1,0.0,0.0,0.0,0.7325428987873789,-0.6807208689589177
1750083168.41,False,avance_libre,2.57,317.1,0.0,0.0,0.0,0.7325428987873789,-0.6807208689589177
1750083168.907,False,avance_libre,2.57,317.1,0.0,0.0,0.0,0.7325428987873789,-0.6807208689589177
1750083169.407,False,avance_libre,2.57,317.1,0.0,0.0,0.0,0.7325428987873789,-0.6807208689589177
1750083169.905,False,avance_libre,2.57,317.1,0.0,0.0,0.0,0.7325428987873789,-0.6807208689589177
1750083170.402,False,avance_libre,2.57,317.1,0.0,0.0,0.0,0.7325428987873789,-0.6807208689589177
1750083170.907,False,avance_libre,2.57,317.1,0.0,0.0,0.0,0.7325428987873789,-0.6807208689589177
1750083171.409,False,avance_libre,2.57,317.1,0.0,0.0,0.0,0.7325428987873789,-0.6807208689589177
1750083171.906,False,avance_libre,2.57,317.1,0.0,0.0,0.0,0.7325428987873789,-0.6807208689589177
1750083172.402,False,avance_libre,2.57,317.1,0.0,0.0,0.0,0.7325428987873789,-0.6807208689589177
1750083172.946,False,avance_libre,2.57,317.1,0.0,0.0,0.0,0.7325428987873789,-0.6807208689589177
1750083173.405,False,avance_libre,2.57,317.1,0.0,0.0,0.0,0.7325428987873789,-0.6807208689589177
1750083173.913,False,avance_libre,2.57,317.1,0.0,0.0,0.0,0.7325428987873789,-0.6807208689589177
1750083174.412,False,avance_libre,2.57,317.1,0.0,0.0,0.0,0.7325428987873789,-0.6807208689589177
1750083174.908,False,avance_libre,2.57,317.1,0.0,0.0,0.0,0.7325428987873789,-0.6807208689589177
1750083175.407,False,avance_libre,2.57,317.1,0.0,0.0,0.0,0.7325428987873789,-0.6807208689589177
1750083175.903,False,avance_libre,2.57,317.1,0.0,0.0,0.0,0.7325428987873789,-0.6807208689589177
1750083176.403,False,avance_libre,2.57,317.1,0.0,0.0,0.0,0.7325428987873789,-0.6807208689589177
1750083176.903,False,avance_libre,2.57,317.1,0.0,0.0,0.0,0.7325428987873789,-0.6807208689589177
1750083177.404,False,avance_libre,2.57,317.1,0.0,0.0,0.0,0.7325428987873789,-0.6807208689589177
1750083177.904,False,avance_libre,2.57,317.1,0.0,0.0,0.0,0.7325428987873789,-0.6807208689589177
1750083178.409,False,avance_libre,2.57,317.1,0.0,0.0,0.0,0.7325428987873789,-0.6807208689589177
1750083178.919,False,avance_libre,2.57,317.1,0.0,0.0,0.0,0.7325428987873789,-0.6807208689589177
1750083179.417,False,avance_libre,2.57,317.1,0.0,0.0,0.0,0.7325428987873789,-0.6807208689589177
1750083179.945,False,avance_libre,2.57,317.1,0.0,0.0,0.0,0.7325428987873789,-0.6807208689589177
1750083180.432,False,avance_libre,2.57,317.1,0.0,0.0,0.0,0.7325428987873789,-0.6807208689589177
1750083180.951,False,avance_libre,2.57,317.1,0.0,0.0,0.0,0.7325428987873789,-0.6807208689589177
1750083181.447,False,avance_libre,2.57,317.1,0.0,0.0,0.0,0.7325428987873789,-0.6807208689589177
1750083181.95,False,avance_libre,2.57,317.1,0.0,0.0,0.0,0.7325428987873789,-0.6807208689589177
1750083182.448,False,avance_libre,2.57,317.1,0.0,0.0,0.0,0.7325428987873789,-0.6807208689589177
1750083182.961,False,avance_libre,2.57,317.1,0.0,0.0,0.0,0.7325428987873789,-0.6807208689589177
1750083183.459,False,avance_libre,2.57,317.1,0.0,0.0,0.0,0.7325428987873789,-0.6807208689589177
1750083183.955,False,avance_libre,2.57,317.1,0.0,0.0,0.0,0.7325428987873789,-0.6807208689589177
1750083184.455,False,avance_libre,2.57,317.1,0.0,0.0,0.0,0.7325428987873789,-0.6807208689589177
1750083184.952,False,avance_libre,2.57,317.1,0.0,0.0,0.0,0.7325428987873789,-0.6807208689589177
1750083185.452,False,avance_libre,2.57,317.1,0.0,0.0,0.0,0.7325428987873789,-0.6807208689589177
1750083185.966,False,avance_libre,2.57,317.1,0.0,0.0,0.0,0.7325428987873789,-0.6807208689589177
1750083186.476,False,avance_libre,2.57,317.1,0.0,0.0,0.0,0.7325428987873789,-0.6807208689589177
1750083186.974,False,avance_libre,2.57,317.1,0.0,0.0,0.0,0.7325428987873789,-0.6807208689589177
1750083187.486,False,avance_libre,2.57,317.1,0.0,0.0,0.0,0.7325428987873789,-0.6807208689589177
1750083187.997,False,avance_libre,2.57,317.1,0.0,0.0,0.0,0.7325428987873789,-0.6807208689589177
1750083188.495,False,avance_libre,2.57,317.1,0.0,0.0,0.0,0.7325428987873789,-0.6807208689589177
1750083189.0,False,avance_libre,2.57,317.1,0.0,0.0,0.0,0.7325428987873789,-0.6807208689589177
1750083189.497,False,avance_libre,2.57,317.1,0.0,0.0,0.0,0.7325428987873789,-0.6807208689589177
1750083189.995,False,avance_libre,2.57,317.1,0.0,0.0,0.0,0.7325428987873789,-0.6807208689589177
1750083190.493,False,avance_libre,2.57,317.1,0.0,0.0,0.0,0.7325428987873789,-0.6807208689589177
1750083191.005,False,avance_libre,2.57,317.1,0.0,0.0,0.0,0.7325428987873789,-0.6807208689589177
1750083191.501,False,avance_libre,2.57,317.1,0.0,0.0,0.0,0.7325428987873789,-0.6807208689589177
1750083192.0,False,avance_libre,2.57,317.1,0.0,0.0,0.0,0.7325428987873789,-0.6807208689589177
1750083192.499,False,avance_libre,2.57,317.1,0.0,0.0,0.0,0.7325428987873789,-0.6807208689589177
1750083192.994,False,avance_libre,2.57,317.1,0.0,0.0,0.0,0.7325428987873789,-0.6807208689589177
1750083193.522,False,avance_libre,2.57,317.0,0.0,0.0,0.0,0.7313537016191707,-0.6819983600624983
1750083194.036,False,avance_libre,2.57,317.1,0.0,0.0,0.0,0.7325428987873789,-0.6807208689589177
1750083194.532,False,avance_libre,2.57,317.0,0.0,0.0,0.0,0.7313537016191707,-0.6819983600624983
1750083195.029,False,avance_libre,2.57,317.1,0.0,0.0,0.0,0.7325428987873789,-0.6807208689589177
1750083195.532,False,avance_libre,2.57,317.0,0.0,0.0,0.0,0.7313537016191707,-0.6819983600624983
1750083196.031,False,avance_libre,2.57,317.1,0.0,0.0,0.0,0.7325428987873789,-0.6807208689589177
1750083196.528,False,avance_libre,2.57,317.0,0.0,0.0,0.0,0.7313537016191707,-0.6819983600624983
1750083197.027,False,avance_libre,2.57,317.1,0.0,0.0,0.0,0.7325428987873789,-0.6807208689589177
1750083197.54,False,avance_libre,2.57,317.0,0.0,0.0,0.0,0.7313537016191707,-0.6819983600624983
1750083198.04,False,avance_libre,2.57,317.1,0.0,0.0,0.0,0.7325428987873789,-0.6807208689589177
1750083198.525,False,avance_libre,2.57,317.0,0.0,0.0,0.0,0.7313537016191707,-0.6819983600624983
1750083199.038,False,avance_libre,2.57,317.1,0.0,0.0,0.0,0.7325428987873789,-0.6807208689589177
1750083199.535,False,avance_libre,2.57,317.0,0.0,0.0,0.0,0.7313537016191707,-0.6819983600624983
1750083200.035,False,avance_libre,2.57,317.1,0.0,0.0,0.0,0.7325428987873789,-0.6807208689589177
1750083200.539,False,avance_libre,2.57,317.0,0.0,0.0,0.0,0.7313537016191707,-0.6819983600624983
1750083201.031,False,avance_libre,2.57,317.1,0.0,0.0,0.0,0.7325428987873789,-0.6807208689589177
1750083201.53,False,avance_libre,2.57,317.0,0.0,0.0,0.0,0.7313537016191707,-0.6819983600624983
1750083202.032,False,avance_libre,2.57,317.1,0.0,0.0,0.0,0.7325428987873789,-0.6807208689589177
1750083202.527,False,avance_libre,2.57,317.0,0.0,0.0,0.0,0.7313537016191707,-0.6819983600624983
1750083203.034,False,avance_libre,2.57,317.1,0.0,0.0,0.0,0.7325428987873789,-0.6807208689589177
1750083203.528,False,avance_libre,2.57,317.0,0.0,0.0,0.0,0.7313537016191707,-0.6819983600624983
1750083204.049,False,avance_libre,2.57,317.1,0.0,0.0,0.0,0.7325428987873789,-0.6807208689589177
1750083204.574,False,avance_libre,2.57,317.0,0.0,0.0,0.0,0.7313537016191707,-0.6819983600624983
1750083205.06,False,avance_libre,2.57,317.1,0.0,0.0,0.0,0.7325428987873789,-0.6807208689589177
1750083205.575,False,avance_libre,2.57,317.0,0.0,0.0,0.0,0.7313537016191707,-0.6819983600624983
1750083206.081,False,avance_libre,2.57,317.1,0.0,0.0,0.0,0.7325428987873789,-0.6807208689589177
1750083206.582,False,avance_libre,2.57,317.0,0.0,0.0,0.0,0.7313537016191707,-0.6819983600624983
1750083207.095,False,avance_libre,2.57,317.1,0.0,0.0,0.0,0.7325428987873789,-0.6807208689589177
1750083207.608,False,avance_libre,2.57,317.0,0.0,0.0,0.0,0.7313537016191707,-0.6819983600624983
1750083208.105,False,avance_libre,2.57,317.1,0.0,0.0,0.0,0.7325428987873789,-0.6807208689589177
1750083208.634,False,avance_libre,2.57,317.0,0.0,0.0,0.0,0.7313537016191707,-0.6819983600624983
1750083209.134,False,avance_libre,2.57,317.1,0.0,0.0,0.0,0.7325428987873789,-0.6807208689589177
1750083209.634,False,avance_libre,2.57,317.0,0.0,0.0,0.0,0.7313537016191707,-0.6819983600624983
1750083210.145,False,avance_libre,2.57,317.1,0.0,0.0,0.0,0.7325428987873789,-0.6807208689589177
1750083210.646,False,avance_libre,2.57,317.0,0.0,0.0,0.0,0.7313537016191707,-0.6819983600624983
1750083211.158,False,avance_libre,2.57,317.1,0.0,0.0,0.0,0.7325428987873789,-0.6807208689589177
1750083211.654,False,avance_libre,2.57,317.0,0.0,0.0,0.0,0.7313537016191707,-0.6819983600624983
1750083212.163,False,avance_libre,2.57,317.1,0.0,0.0,0.0,0.7325428987873789,-0.6807208689589177
1750083212.676,False,avance_libre,2.57,317.0,0.0,0.0,0.0,0.7313537016191707,-0.6819983600624983
1750083213.18,False,avance_libre,2.57,317.1,0.0,0.0,0.0,0.7325428987873789,-0.6807208689589177
1750083213.693,False,avance_libre,2.57,317.0,0.0,0.0,0.0,0.7313537016191707,-0.6819983600624983
1750083214.192,False,avance_libre,2.57,317.1,0.0,0.0,0.0,0.7325428987873789,-0.6807208689589177
1750083214.688,False,avance_libre,2.57,317.0,0.0,0.0,0.0,0.7313537016191707,-0.6819983600624983
1750083215.199,False,avance_libre,2.57,317.1,0.0,0.0,0.0,0.7325428987873789,-0.6807208689589177
1750083215.714,False,avance_libre,2.57,317.0,0.0,0.0,0.0,0.7313537016191707,-0.6819983600624983
1750083216.233,False,avance_libre,2.57,317.1,0.0,0.0,0.0,0.7325428987873789,-0.6807208689589177
1750083216.755,False,avance_libre,2.57,317.0,0.0,0.0,0.0,0.7313537016191707,-0.6819983600624983
1750083217.252,False,avance_libre,2.57,317.1,0.0,0.0,0.0,0.7325428987873789,-0.6807208689589177
1750083217.753,False,avance_libre,2.57,317.0,0.0,0.0,0.0,0.7313537016191707,-0.6819983600624983
1750083218.253,False,avance_libre,2.57,317.1,0.0,0.0,0.0,0.7325428987873789,-0.6807208689589177
1750083218.767,False,avance_libre,2.57,317.0,0.0,0.0,0.0,0.7313537016191707,-0.6819983600624983
1750083219.265,False,avance_libre,2.57,317.1,0.0,0.0,0.0,0.7325428987873789,-0.6807208689589177
1750083219.767,False,avance_libre,2.57,317.0,0.0,0.0,0.0,0.7313537016191707,-0.6819983600624983
1750083220.27,False,avance_libre,2.57,317.1,0.0,0.0,0.0,0.7325428987873789,-0.6807208689589177
1750083220.769,False,avance_libre,2.57,317.0,0.0,0.0,0.0,0.7313537016191707,-0.6819983600624983
1750083221.278,False,avance_libre,2.57,317.1,0.0,0.0,0.0,0.7325428987873789,-0.6807208689589177
1750083221.777,False,avance_libre,2.57,317.0,0.0,0.0,0.0,0.7313537016191707,-0.6819983600624983
1750083222.29,False,avance_libre,2.57,317.1,0.0,0.0,0.0,0.7325428987873789,-0.6807208689589177
1750083222.784,False,avance_libre,2.57,317.0,0.0,0.0,0.0,0.7313537016191707,-0.6819983600624983
1750083223.295,False,avance_libre,2.57,317.1,0.0,0.0,0.0,0.7325428987873789,-0.6807208689589177
1750083223.794,False,avance_libre,2.57,317.0,0.0,0.0,0.0,0.7313537016191707,-0.6819983600624983
1750083224.308,False,avance_libre,2.57,317.1,0.0,0.0,0.0,0.7325428987873789,-0.6807208689589177
1750083224.825,False,avance_libre,2.57,317.0,0.0,0.0,0.0,0.7313537016191707,-0.6819983600624983
1750083225.336,False,avance_libre,2.57,317.1,0.0,0.0,0.0,0.7325428987873789,-0.6807208689589177
1750083225.833,False,avance_libre,2.57,317.0,0.0,0.0,0.0,0.7313537016191707,-0.6819983600624983
1750083226.326,False,avance_libre,2.57,317.1,0.0,0.0,0.0,0.7325428987873789,-0.6807208689589177
1750083226.834,False,avance_libre,2.57,317.0,0.0,0.0,0.0,0.7313537016191707,-0.6819983600624983
1750083227.328,False,avance_libre,2.57,317.1,0.0,0.0,0.0,0.7325428987873789,-0.6807208689589177
1750083227.838,False,avance_libre,2.57,317.0,0.0,0.0,0.0,0.7313537016191707,-0.6819983600624983
1750083228.352,False,avance_libre,2.57,317.1,0.0,0.0,0.0,0.7325428987873789,-0.6807208689589177
1750083228.849,False,avance_libre,2.57,317.0,0.0,0.0,0.0,0.7313537016191707,-0.6819983600624983
1750083229.363,False,avance_libre,2.57,317.1,0.0,0.0,0.0,0.7325428987873789,-0.6807208689589177
1750083229.875,False,avance_libre,2.57,317.0,0.0,0.0,0.0,0.7313537016191707,-0.6819983600624983
1750083230.374,False,avance_libre,2.57,317.1,0.0,0.0,0.0,0.7325428987873789,-0.6807208689589177
1750083230.874,False,avance_libre,2.57,317.0,0.0,0.0,0.0,0.7313537016191707,-0.6819983600624983
1750083231.372,False,avance_libre,2.57,317.1,0.0,0.0,0.0,0.7325428987873789,-0.6807208689589177
1750083231.88,False,avance_libre,2.57,317.0,0.0,0.0,0.0,0.7313537016191707,-0.6819983600624983
1750083232.378,False,avance_libre,2.57,317.1,0.0,0.0,0.0,0.7325428987873789,-0.6807208689589177
1750083232.875,False,avance_libre,2.57,317.0,0.0,0.0,0.0,0.7313537016191707,-0.6819983600624983
1750083233.375,False,avance_libre,2.57,317.1,0.0,0.0,0.0,0.7325428987873789,-0.6807208689589177
1750083233.871,False,avance_libre,2.57,317.0,0.0,0.0,0.0,0.7313537016191707,-0.6819983600624983
1750083234.383,False,avance_libre,2.57,317.1,0.0,0.0,0.0,0.7325428987873789,-0.6807208689589177
1750083234.897,False,avance_libre,2.57,317.0,0.0,0.0,0.0,0.7313537016191707,-0.6819983600624983
1750083235.411,False,avance_libre,2.57,317.1,0.0,0.0,0.0,0.7325428987873789,-0.6807208689589177
1750083235.907,False,avance_libre,2.57,317.0,0.0,0.0,0.0,0.7313537016191707,-0.6819983600624983
1750083236.408,False,avance_libre,2.57,317.1,0.0,0.0,0.0,0.7325428987873789,-0.6807208689589177
1750083236.907,False,avance_libre,2.57,317.0,0.0,0.0,0.0,0.7313537016191707,-0.6819983600624983
1750083237.405,False,avance_libre,2.57,317.1,0.0,0.0,0.0,0.7325428987873789,-0.6807208689589177
1750083237.904,False,avance_libre,2.57,317.0,0.0,0.0,0.0,0.7313537016191707,-0.6819983600624983
1750083238.415,False,avance_libre,2.57,317.1,0.0,0.0,0.0,0.7325428987873789,-0.6807208689589177
1750083238.904,False,avance_libre,2.57,317.0,0.0,0.0,0.0,0.7313537016191707,-0.6819983600624983
1750083239.403,False,avance_libre,2.57,317.1,0.0,0.0,0.0,0.7325428987873789,-0.6807208689589177
1750083239.917,False,avance_libre,2.57,317.0,0.0,0.0,0.0,0.7313537016191707,-0.6819983600624983
1750083240.429,False,avance_libre,2.57,317.1,0.0,0.0,0.0,0.7325428987873789,-0.6807208689589177
1750083240.918,False,avance_libre,2.57,317.0,0.0,0.0,0.0,0.7313537016191707,-0.6819983600624983
1750083241.444,False,avance_libre,2.57,317.1,0.0,0.0,0.0,0.7325428987873789,-0.6807208689589177
1750083241.956,False,avance_libre,2.57,317.0,0.0,0.0,0.0,0.7313537016191707,-0.6819983600624983
1750083242.455,False,avance_libre,2.57,317.1,0.0,0.0,0.0,0.7325428987873789,-0.6807208689589177
1750083242.956,False,avance_libre,2.57,317.0,0.0,0.0,0.0,0.7313537016191707,-0.6819983600624983
1750083243.471,False,avance_libre,2.57,317.1,0.0,0.0,0.0,0.7325428987873789,-0.6807208689589177
1750083243.995,False,avance_libre,2.57,317.0,0.0,0.0,0.0,0.7313537016191707,-0.6819983600624983
1750083244.504,False,avance_libre,2.57,317.1,0.0,0.0,0.0,0.7325428987873789,-0.6807208689589177
1750083244.999,False,avance_libre,2.57,317.0,0.0,0.0,0.0,0.7313537016191707,-0.6819983600624983
1750083245.497,False,avance_libre,2.57,317.1,0.0,0.0,0.0,0.7325428987873789,-0.6807208689589177
1750083246.009,False,avance_libre,2.57,317.0,0.0,0.0,0.0,0.7313537016191707,-0.6819983600624983
1750083246.523,False,avance_libre,2.57,317.1,0.0,0.0,0.0,0.7325428987873789,-0.6807208689589177
1750083247.014,False,avance_libre,2.57,317.0,0.0,0.0,0.0,0.7313537016191707,-0.6819983600624983
1750083247.528,False,avance_libre,2.57,317.1,0.0,0.0,0.0,0.7325428987873789,-0.6807208689589177
1750083248.045,False,avance_libre,2.57,317.0,0.0,0.0,0.0,0.7313537016191707,-0.6819983600624983
1750083248.529,False,avance_libre,2.57,317.1,0.0,0.0,0.0,0.7325428987873789,-0.6807208689589177
1750083249.047,False,avance_libre,2.57,317.0,0.0,0.0,0.0,0.7313537016191707,-0.6819983600624983
1750083249.561,False,avance_libre,2.57,317.1,0.0,0.0,0.0,0.7325428987873789,-0.6807208689589177
1750083250.079,False,avance_libre,2.57,317.0,0.0,0.0,0.0,0.7313537016191707,-0.6819983600624983
1750083250.591,False,avance_libre,2.57,317.1,0.0,0.0,0.0,0.7325428987873789,-0.6807208689589177
1750083251.098,False,avance_libre,2.57,317.0,0.0,0.0,0.0,0.7313537016191707,-0.6819983600624983
1750083251.598,False,avance_libre,2.57,317.1,0.0,0.0,0.0,0.7325428987873789,-0.6807208689589177
1750083252.101,False,avance_libre,2.57,317.0,0.0,0.0,0.0,0.7313537016191707,-0.6819983600624983
1750083252.615,False,avance_libre,2.57,317.1,0.0,0.0,0.0,0.7325428987873789,-0.6807208689589177
1750083253.131,False,avance_libre,2.57,317.0,0.0,0.0,0.0,0.7313537016191707,-0.6819983600624983
1750083253.631,False,avance_libre,2.57,317.1,0.0,0.0,0.0,0.7325428987873789,-0.6807208689589177
1750083254.124,False,avance_libre,2.57,317.0,0.0,0.0,0.0,0.7313537016191707,-0.6819983600624983
1750083254.625,False,avance_libre,2.57,317.1,0.0,0.0,0.0,0.7325428987873789,-0.6807208689589177
1750083255.138,False,avance_libre,2.57,317.0,0.0,0.0,0.0,0.7313537016191707,-0.6819983600624983
1750083255.637,False,avance_libre,2.57,317.1,0.0,0.0,0.0,0.7325428987873789,-0.6807208689589177
1750083256.157,False,avance_libre,2.57,317.0,0.0,0.0,0.0,0.7313537016191707,-0.6819983600624983
1750083256.66,False,avance_libre,2.57,317.1,0.0,0.0,0.0,0.7325428987873789,-0.6807208689589177
1750083257.161,False,avance_libre,2.57,317.0,0.0,0.0,0.0,0.7313537016191707,-0.6819983600624983
1750083257.656,False,avance_libre,2.57,317.1,0.0,0.0,0.0,0.7325428987873789,-0.6807208689589177
1750083258.156,False,avance_libre,2.57,317.0,0.0,0.0,0.0,0.7313537016191707,-0.6819983600624983
1750083258.664,False,avance_libre,2.57,317.1,0.0,0.0,0.0,0.7325428987873789,-0.6807208689589177
1750083259.16,False,avance_libre,2.57,317.0,0.0,0.0,0.0,0.7313537016191707,-0.6819983600624983
1750083259.657,False,avance_libre,2.57,317.1,0.0,0.0,0.0,0.7325428987873789,-0.6807208689589177
1750083260.159,False,avance_libre,2.57,317.0,0.0,0.0,0.0,0.7313537016191707,-0.6819983600624983
1750083260.659,False,avance_libre,2.57,317.1,0.0,0.0,0.0,0.7325428987873789,-0.6807208689589177
1750083261.156,False,avance_libre,2.57,317.0,0.0,0.0,0.0,0.7313537016191707,-0.6819983600624983
1750083261.656,False,avance_libre,2.57,317.1,0.0,0.0,0.0,0.7325428987873789,-0.6807208689589177
1750083262.153,False,avance_libre,2.57,317.0,0.0,0.0,0.0,0.7313537016191707,-0.6819983600624983
1750083262.665,False,avance_libre,2.57,317.1,0.0,0.0,0.0,0.7325428987873789,-0.6807208689589177
1750083263.154,False,avance_libre,2.57,317.0,0.0,0.0,0.0,0.7313537016191707,-0.6819983600624983
1750083263.655,False,avance_libre,2.57,317.1,0.0,0.0,0.0,0.7325428987873789,-0.6807208689589177
1750083264.156,False,avance_libre,2.57,317.0,0.0,0.0,0.0,0.7313537016191707,-0.6819983600624983
1750083264.651,False,avance_libre,2.57,317.1,0.0,0.0,0.0,0.7325428987873789,-0.6807208689589177
1750083265.151,False,avance_libre,2.57,317.0,0.0,0.0,0.0,0.7313537016191707,-0.6819983600624983
1750083265.672,False,avance_libre,2.57,317.1,0.0,0.0,0.0,0.7325428987873789,-0.6807208689589177
1750083266.184,False,avance_libre,2.57,317.0,0.0,0.0,0.0,0.7313537016191707,-0.6819983600624983
1750083266.7,False,avance_libre,2.57,317.1,0.0,0.0,0.0,0.7325428987873789,-0.6807208689589177
1750083267.212,False,avance_libre,2.57,317.0,0.0,0.0,0.0,0.7313537016191707,-0.6819983600624983
1750083267.699,False,avance_libre,2.57,317.1,0.0,0.0,0.0,0.7325428987873789,-0.6807208689589177
1750083268.214,False,avance_libre,2.57,317.0,0.0,0.0,0.0,0.7313537016191707,-0.6819983600624983
1750083268.729,False,avance_libre,2.57,317.1,0.0,0.0,0.0,0.7325428987873789,-0.6807208689589177
1750083269.223,False,avance_libre,2.57,317.0,0.0,0.0,0.0,0.7313537016191707,-0.6819983600624983
1750083269.722,False,avance_libre,2.57,317.1,0.0,0.0,0.0,0.7325428987873789,-0.6807208689589177
1750083270.217,False,avance_libre,2.57,317.0,0.0,0.0,0.0,0.7313537016191707,-0.6819983600624983
1750083270.714,False,avance_libre,2.57,317.1,0.0,0.0,0.0,0.7325428987873789,-0.6807208689589177
1750083271.232,False,avance_libre,2.57,317.0,0.0,0.0,0.0,0.7313537016191707,-0.6819983600624983
1750083271.748,False,avance_libre,2.57,317.1,0.0,0.0,0.0,0.7325428987873789,-0.6807208689589177
1750083272.247,False,avance_libre,2.57,317.0,0.0,0.0,0.0,0.7313537016191707,-0.6819983600624983
1750083272.748,False,avance_libre,2.57,317.1,0.0,0.0,0.0,0.7325428987873789,-0.6807208689589177
1750083273.255,False,avance_libre,2.57,317.0,0.0,0.0,0.0,0.7313537016191707,-0.6819983600624983
1750083273.749,False,avance_libre,2.57,317.1,0.0,0.0,0.0,0.7325428987873789,-0.6807208689589177
1750083274.248,False,avance_libre,2.57,317.0,0.0,0.0,0.0,0.7313537016191707,-0.6819983600624983
1750083274.752,False,avance_libre,2.57,317.1,0.0,0.0,0.0,0.7325428987873789,-0.6807208689589177
1750083275.257,False,avance_libre,2.57,317.0,0.0,0.0,0.0,0.7313537016191707,-0.6819983600624983
1750083275.751,False,avance_libre,2.57,317.1,0.0,0.0,0.0,0.7325428987873789,-0.6807208689589177
1750083276.267,False,avance_libre,2.57,317.0,0.0,0.0,0.0,0.7313537016191707,-0.6819983600624983
1750083276.762,False,avance_libre,2.57,317.1,0.0,0.0,0.0,0.7325428987873789,-0.6807208689589177
1750083277.277,False,avance_libre,2.57,317.0,0.0,0.0,0.0,0.7313537016191707,-0.6819983600624983
1750083277.783,False,avance_libre,2.57,317.1,0.0,0.0,0.0,0.7325428987873789,-0.6807208689589177
1750083278.281,False,avance_libre,2.57,317.0,0.0,0.0,0.0,0.7313537016191707,-0.6819983600624983
1750083278.784,False,avance_libre,2.57,317.1,0.0,0.0,0.0,0.7325428987873789,-0.6807208689589177
1750083279.282,False,avance_libre,2.57,317.0,0.0,0.0,0.0,0.7313537016191707,-0.6819983600624983
1750083279.788,False,avance_libre,2.57,317.1,0.0,0.0,0.0,0.7325428987873789,-0.6807208689589177
1750083280.288,False,avance_libre,2.57,317.0,0.0,0.0,0.0,0.7313537016191707,-0.6819983600624983
1750083280.789,False,avance_libre,2.57,317.1,0.0,0.0,0.0,0.7325428987873789,-0.6807208689589177
1750083281.278,False,avance_libre,2.57,317.0,0.0,0.0,0.0,0.7313537016191707,-0.6819983600624983
1750083281.776,False,avance_libre,2.57,317.1,0.0,0.0,0.0,0.7325428987873789,-0.6807208689589177
1750083282.279,False,avance_libre,2.57,317.0,0.0,0.0,0.0,0.7313537016191707,-0.6819983600624983
1750083282.776,False,avance_libre,2.57,317.1,0.0,0.0,0.0,0.7325428987873789,-0.6807208689589177
1750083283.289,False,avance_libre,2.57,317.0,0.0,0.0,0.0,0.7313537016191707,-0.6819983600624983
1750083283.786,False,avance_libre,2.57,317.1,0.0,0.0,0.0,0.7325428987873789,-0.6807208689589177
1750083284.283,False,avance_libre,2.57,317.0,0.0,0.0,0.0,0.7313537016191707,-0.6819983600624983
1750083284.783,False,avance_libre,2.57,317.1,0.0,0.0,0.0,0.7325428987873789,-0.6807208689589177
1750083285.286,False,avance_libre,2.57,317.0,0.0,0.0,0.0,0.7313537016191707,-0.6819983600624983
1750083285.785,False,avance_libre,2.57,317.1,0.0,0.0,0.0,0.7325428987873789,-0.6807208689589177
1750083286.282,False,avance_libre,2.57,317.0,0.0,0.0,0.0,0.7313537016191707,-0.6819983600624983
1750083286.782,False,avance_libre,2.57,317.1,0.0,0.0,0.0,0.7325428987873789,-0.6807208689589177
1750083287.291,False,avance_libre,2.57,317.0,0.0,0.0,0.0,0.7313537016191707,-0.6819983600624983
1750083287.791,False,avance_libre,2.57,317.1,0.0,0.0,0.0,0.7325428987873789,-0.6807208689589177
1750083288.308,False,avance_libre,2.57,317.0,0.0,0.0,0.0,0.7313537016191707,-0.6819983600624983
1750083288.828,False,avance_libre,2.57,317.1,0.0,0.0,0.0,0.7325428987873789,-0.6807208689589177
1750083289.342,False,avance_libre,2.57,317.0,0.0,0.0,0.0,0.7313537016191707,-0.6819983600624983
1750083289.864,False,avance_libre,2.57,317.1,0.0,0.0,0.0,0.7325428987873789,-0.6807208689589177
1750083290.375,False,avance_libre,2.57,317.0,0.0,0.0,0.0,0.7313537016191707,-0.6819983600624983
1750083290.878,False,avance_libre,2.57,317.1,0.0,0.0,0.0,0.7325428987873789,-0.6807208689589177
1750083291.375,False,avance_libre,2.57,317.0,0.0,0.0,0.0,0.7313537016191707,-0.6819983600624983
1750083291.877,False,avance_libre,2.57,317.1,0.0,0.0,0.0,0.7325428987873789,-0.6807208689589177
1750083292.381,False,avance_libre,2.57,317.0,0.0,0.0,0.0,0.7313537016191707,-0.6819983600624983
1750083292.88,False,avance_libre,2.57,317.1,0.0,0.0,0.0,0.7325428987873789,-0.6807208689589177
1750083293.379,False,avance_libre,2.57,317.0,0.0,0.0,0.0,0.7313537016191707,-0.6819983600624983
1750083293.878,False,avance_libre,2.57,317.1,0.0,0.0,0.0,0.7325428987873789,-0.6807208689589177
1750083294.376,False,avance_libre,2.57,317.0,0.0,0.0,0.0,0.7313537016191707,-0.6819983600624983
1750083294.879,False,avance_libre,2.57,317.1,0.0,0.0,0.0,0.7325428987873789,-0.6807208689589177
1750083295.378,False,avance_libre,2.57,317.0,0.0,0.0,0.0,0.7313537016191707,-0.6819983600624983
1750083295.876,False,avance_libre,2.57,317.1,0.0,0.0,0.0,0.7325428987873789,-0.6807208689589177
1750083296.371,False,avance_libre,2.57,317.0,0.0,0.0,0.0,0.7313537016191707,-0.6819983600624983
1750083296.873,False,avance_libre,2.57,317.1,0.0,0.0,0.0,0.7325428987873789,-0.6807208689589177
1750083297.377,False,avance_libre,2.57,317.0,0.0,0.0,0.0,0.7313537016191707,-0.6819983600624983
1750083297.878,False,avance_libre,2.57,317.1,0.0,0.0,0.0,0.7325428987873789,-0.6807208689589177
1750083298.378,False,avance_libre,2.57,317.0,0.0,0.0,0.0,0.7313537016191707,-0.6819983600624983
1750083298.875,False,avance_libre,2.57,317.1,0.0,0.0,0.0,0.7325428987873789,-0.6807208689589177
1750083299.39,False,avance_libre,2.57,317.0,0.0,0.0,0.0,0.7313537016191707,-0.6819983600624983
1750083299.909,False,avance_libre,2.57,317.1,0.0,0.0,0.0,0.7325428987873789,-0.6807208689589177
1750083300.424,False,avance_libre,2.57,317.0,0.0,0.0,0.0,0.7313537016191707,-0.6819983600624983
1750083300.927,False,avance_libre,2.57,317.1,0.0,0.0,0.0,0.7325428987873789,-0.6807208689589177
1750083301.434,False,avance_libre,2.57,317.0,0.0,0.0,0.0,0.7313537016191707,-0.6819983600624983
1750083301.944,False,avance_libre,2.57,317.1,0.0,0.0,0.0,0.7325428987873789,-0.6807208689589177
1750083302.446,False,avance_libre,2.57,317.0,0.0,0.0,0.0,0.7313537016191707,-0.6819983600624983
1750083302.941,False,avance_libre,2.57,317.1,0.0,0.0,0.0,0.7325428987873789,-0.6807208689589177
1750083303.453,False,avance_libre,2.57,317.0,0.0,0.0,0.0,0.7313537016191707,-0.6819983600624983
1750083303.952,False,avance_libre,2.57,317.1,0.0,0.0,0.0,0.7325428987873789,-0.6807208689589177
1750083304.452,False,avance_libre,2.57,317.0,0.0,0.0,0.0,0.7313537016191707,-0.6819983600624983
1750083304.953,False,avance_libre,2.57,317.1,0.0,0.0,0.0,0.7325428987873789,-0.6807208689589177
1750083305.457,False,avance_libre,2.57,317.0,0.0,0.0,0.0,0.7313537016191707,-0.6819983600624983
1750083305.953,False,avance_libre,2.57,317.1,0.0,0.0,0.0,0.7325428987873789,-0.6807208689589177
1750083306.457,False,avance_libre,2.57,317.0,0.0,0.0,0.0,0.7313537016191707,-0.6819983600624983
1750083306.969,False,avance_libre,2.57,317.1,0.0,0.0,0.0,0.7325428987873789,-0.6807208689589177
1750083307.468,False,avance_libre,2.57,317.0,0.0,0.0,0.0,0.7313537016191707,-0.6819983600624983
1750083307.97,False,avance_libre,2.57,317.1,0.0,0.0,0.0,0.7325428987873789,-0.6807208689589177
1750083308.467,False,avance_libre,2.57,317.0,0.0,0.0,0.0,0.7313537016191707,-0.6819983600624983
1750083308.967,False,avance_libre,2.57,317.1,0.0,0.0,0.0,0.7325428987873789,-0.6807208689589177
1750083309.468,False,avance_libre,2.57,317.0,0.0,0.0,0.0,0.7313537016191707,-0.6819983600624983
1750083309.965,False,avance_libre,2.57,317.1,0.0,0.0,0.0,0.7325428987873789,-0.6807208689589177
1750083310.479,False,avance_libre,2.57,317.0,0.0,0.0,0.0,0.7313537016191707,-0.6819983600624983
1750083310.97,False,avance_libre,2.57,317.1,0.0,0.0,0.0,0.7325428987873789,-0.6807208689589177
1750083311.485,False,avance_libre,2.57,317.0,0.0,0.0,0.0,0.7313537016191707,-0.6819983600624983
1750083311.999,False,avance_libre,2.57,317.1,0.0,0.0,0.0,0.7325428987873789,-0.6807208689589177
1750083312.495,False,avance_libre,2.57,317.0,0.0,0.0,0.0,0.7313537016191707,-0.6819983600624983
1750083313.001,False,avance_libre,2.57,317.1,0.0,0.0,0.0,0.7325428987873789,-0.6807208689589177
1750083313.518,False,avance_libre,2.57,317.0,0.0,0.0,0.0,0.7313537016191707,-0.6819983600624983
1750083314.024,False,avance_libre,2.57,317.1,0.0,0.0,0.0,0.7325428987873789,-0.6807208689589177
1750083314.53,False,avance_libre,2.57,317.0,0.0,0.0,0.0,0.7313537016191707,-0.6819983600624983
1750083315.027,False,avance_libre,2.57,317.1,0.0,0.0,0.0,0.7325428987873789,-0.6807208689589177
1750083315.534,False,avance_libre,2.57,317.0,0.0,0.0,0.0,0.7313537016191707,-0.6819983600624983
1750083316.038,False,avance_libre,2.57,317.1,0.0,0.0,0.0,0.7325428987873789,-0.6807208689589177
1750083316.538,False,avance_libre,2.57,317.0,0.0,0.0,0.0,0.7313537016191707,-0.6819983600624983
1750083317.036,False,avance_libre,2.57,317.1,0.0,0.0,0.0,0.7325428987873789,-0.6807208689589177
1750083317.53,False,avance_libre,2.57,317.0,0.0,0.0,0.0,0.7313537016191707,-0.6819983600624983
1750083318.034,False,avance_libre,2.57,317.1,0.0,0.0,0.0,0.7325428987873789,-0.6807208689589177
1750083318.53,False,avance_libre,2.57,317.0,0.0,0.0,0.0,0.7313537016191707,-0.6819983600624983
1750083319.031,False,avance_libre,2.57,317.1,0.0,0.0,0.0,0.7325428987873789,-0.6807208689589177
1750083319.529,False,avance_libre,2.57,317.0,0.0,0.0,0.0,0.7313537016191707,-0.6819983600624983
1750083320.041,False,avance_libre,2.57,317.1,0.0,0.0,0.0,0.7325428987873789,-0.6807208689589177
1750083320.555,False,avance_libre,2.57,317.0,0.0,0.0,0.0,0.7313537016191707,-0.6819983600624983
1750083321.049,False,avance_libre,2.57,317.1,0.0,0.0,0.0,0.7325428987873789,-0.6807208689589177
1750083321.549,False,avance_libre,2.57,317.0,0.0,0.0,0.0,0.7313537016191707,-0.6819983600624983
1750083322.054,False,avance_libre,2.57,317.1,0.0,0.0,0.0,0.7325428987873789,-0.6807208689589177
1750083322.552,False,avance_libre,2.57,317.0,0.0,0.0,0.0,0.7313537016191707,-0.6819983600624983
1750083323.064,False,avance_libre,2.57,317.1,0.0,0.0,0.0,0.7325428987873789,-0.6807208689589177
1750083323.576,False,avance_libre,2.57,317.0,0.0,0.0,0.0,0.7313537016191707,-0.6819983600624983
1750083324.085,False,avance_libre,2.57,317.1,0.0,0.0,0.0,0.7325428987873789,-0.6807208689589177
1750083324.587,False,avance_libre,2.57,317.0,0.0,0.0,0.0,0.7313537016191707,-0.6819983600624983
1750083325.073,False,avance_libre,2.57,317.1,0.0,0.0,0.0,0.7325428987873789,-0.6807208689589177
1750083325.578,False,avance_libre,2.57,317.0,0.0,0.0,0.0,0.7313537016191707,-0.6819983600624983
1750083326.077,False,avance_libre,2.57,317.1,0.0,0.0,0.0,0.7325428987873789,-0.6807208689589177
1750083326.575,False,avance_libre,2.57,317.0,0.0,0.0,0.0,0.7313537016191707,-0.6819983600624983
1750083327.08,False,avance_libre,2.57,317.1,0.0,0.0,0.0,0.7325428987873789,-0.6807208689589177
1750083327.584,False,avance_libre,2.57,317.0,0.0,0.0,0.0,0.7313537016191707,-0.6819983600624983
1750083328.08,False,avance_libre,2.57,317.1,0.0,0.0,0.0,0.7325428987873789,-0.6807208689589177
1750083328.58,False,avance_libre,2.57,317.0,0.0,0.0,0.0,0.7313537016191707,-0.6819983600624983
1750083329.077,False,avance_libre,2.57,317.1,0.0,0.0,0.0,0.7325428987873789,-0.6807208689589177
1750083329.574,False,avance_libre,2.57,317.0,0.0,0.0,0.0,0.7313537016191707,-0.6819983600624983
1750083330.075,False,avance_libre,2.57,317.1,0.0,0.0,0.0,0.7325428987873789,-0.6807208689589177
1750083330.573,False,avance_libre,2.57,317.0,0.0,0.0,0.0,0.7313537016191707,-0.6819983600624983
1750083331.078,False,avance_libre,2.57,317.1,0.0,0.0,0.0,0.7325428987873789,-0.6807208689589177
1750083331.579,False,avance_libre,2.57,317.0,0.0,0.0,0.0,0.7313537016191707,-0.6819983600624983
1750083332.077,False,avance_libre,2.57,317.1,0.0,0.0,0.0,0.7325428987873789,-0.6807208689589177
1750083332.588,False,avance_libre,2.57,317.0,0.0,0.0,0.0,0.7313537016191707,-0.6819983600624983
1750083333.118,False,avance_libre,2.57,317.1,0.0,0.0,0.0,0.7325428987873789,-0.6807208689589177
1750083333.629,False,avance_libre,2.57,317.0,0.0,0.0,0.0,0.7313537016191707,-0.6819983600624983
1750083334.124,False,avance_libre,2.57,317.1,0.0,0.0,0.0,0.7325428987873789,-0.6807208689589177
1750083334.628,False,avance_libre,2.57,317.0,0.0,0.0,0.0,0.7313537016191707,-0.6819983600624983
1750083335.127,False,avance_libre,2.57,317.1,0.0,0.0,0.0,0.7325428987873789,-0.6807208689589177
1750083335.646,False,avance_libre,2.57,317.0,0.0,0.0,0.0,0.7313537016191707,-0.6819983600624983
1750083336.154,False,avance_libre,2.57,317.1,0.0,0.0,0.0,0.7325428987873789,-0.6807208689589177
1750083336.655,False,avance_libre,2.57,317.0,0.0,0.0,0.0,0.7313537016191707,-0.6819983600624983
1750083337.155,False,avance_libre,2.57,317.1,0.0,0.0,0.0,0.7325428987873789,-0.6807208689589177
1750083337.655,False,avance_libre,2.57,317.0,0.0,0.0,0.0,0.7313537016191707,-0.6819983600624983
1750083338.156,False,avance_libre,2.57,317.1,0.0,0.0,0.0,0.7325428987873789,-0.6807208689589177
1750083338.656,False,avance_libre,2.57,317.0,0.0,0.0,0.0,0.7313537016191707,-0.6819983600624983
1750083339.153,False,avance_libre,2.57,317.1,0.0,0.0,0.0,0.7325428987873789,-0.6807208689589177
1750083339.664,False,avance_libre,2.57,317.0,0.0,0.0,0.0,0.7313537016191707,-0.6819983600624983
1750083340.157,False,avance_libre,2.57,317.1,0.0,0.0,0.0,0.7325428987873789,-0.6807208689589177
1750083340.663,False,avance_libre,2.57,317.0,0.0,0.0,0.0,0.7313537016191707,-0.6819983600624983
1750083341.157,False,avance_libre,2.57,317.1,0.0,0.0,0.0,0.7325428987873789,-0.6807208689589177
1750083341.659,False,avance_libre,2.57,317.0,0.0,0.0,0.0,0.7313537016191707,-0.6819983600624983
1750083342.16,False,avance_libre,2.57,317.1,0.0,0.0,0.0,0.7325428987873789,-0.6807208689589177
1750083342.655,False,avance_libre,2.57,317.0,0.0,0.0,0.0,0.7313537016191707,-0.6819983600624983
1750083343.156,False,avance_libre,2.57,317.1,0.0,0.0,0.0,0.7325428987873789,-0.6807208689589177
1750083343.668,False,avance_libre,2.57,317.0,0.0,0.0,0.0,0.7313537016191707,-0.6819983600624983
1750083344.163,False,avance_libre,2.57,317.1,0.0,0.0,0.0,0.7325428987873789,-0.6807208689589177
1750083344.661,False,avance_libre,2.57,317.0,0.0,0.0,0.0,0.7313537016191707,-0.6819983600624983
1750083345.161,False,avance_libre,2.57,317.1,0.0,0.0,0.0,0.7325428987873789,-0.6807208689589177
1750083345.673,False,avance_libre,2.57,317.0,0.0,0.0,0.0,0.7313537016191707,-0.6819983600624983
1750083346.187,False,avance_libre,2.57,317.1,0.0,0.0,0.0,0.7325428987873789,-0.6807208689589177
1750083346.71,False,avance_libre,2.57,317.0,0.0,0.0,0.0,0.7313537016191707,-0.6819983600624983
1750083347.225,False,avance_libre,2.57,317.1,0.0,0.0,0.0,0.7325428987873789,-0.6807208689589177
1750083347.715,False,avance_libre,2.57,317.0,0.0,0.0,0.0,0.7313537016191707,-0.6819983600624983
1750083348.215,False,avance_libre,2.57,317.1,0.0,0.0,0.0,0.7325428987873789,-0.6807208689589177
1750083348.715,False,avance_libre,2.57,317.0,0.0,0.0,0.0,0.7313537016191707,-0.6819983600624983
1750083349.23,False,avance_libre,2.57,317.1,0.0,0.0,0.0,0.7325428987873789,-0.6807208689589177
1750083349.752,False,avance_libre,2.57,317.0,0.0,0.0,0.0,0.7313537016191707,-0.6819983600624983
1750083350.266,False,avance_libre,2.57,317.1,0.0,0.0,0.0,0.7325428987873789,-0.6807208689589177
1750083350.764,False,avance_libre,2.57,317.0,0.0,0.0,0.0,0.7313537016191707,-0.6819983600624983
1750083351.262,False,avance_libre,2.57,317.1,0.0,0.0,0.0,0.7325428987873789,-0.6807208689589177
1750083351.768,False,avance_libre,2.57,317.0,0.0,0.0,0.0,0.7313537016191707,-0.6819983600624983
1750083352.266,False,avance_libre,2.57,317.1,0.0,0.0,0.0,0.7325428987873789,-0.6807208689589177
1750083352.787,False,avance_libre,2.57,317.0,0.0,0.0,0.0,0.7313537016191707,-0.6819983600624983
1750083353.281,False,avance_libre,2.57,317.1,0.0,0.0,0.0,0.7325428987873789,-0.6807208689589177
1750083353.789,False,avance_libre,2.57,317.0,0.0,0.0,0.0,0.7313537016191707,-0.6819983600624983
1750083354.281,False,avance_libre,2.57,317.1,0.0,0.0,0.0,0.7325428987873789,-0.6807208689589177
1750083354.777,False,avance_libre,2.57,317.0,0.0,0.0,0.0,0.7313537016191707,-0.6819983600624983
1750083355.275,False,avance_libre,2.57,317.1,0.0,0.0,0.0,0.7325428987873789,-0.6807208689589177
1750083355.791,False,avance_libre,2.57,317.0,0.0,0.0,0.0,0.7313537016191707,-0.6819983600624983
1750083356.289,False,avance_libre,2.57,317.1,0.0,0.0,0.0,0.7325428987873789,-0.6807208689589177
1750083356.789,False,avance_libre,2.57,317.0,0.0,0.0,0.0,0.7313537016191707,-0.6819983600624983
1750083357.284,False,avance_libre,2.57,317.1,0.0,0.0,0.0,0.7325428987873789,-0.6807208689589177
1750083357.789,False,avance_libre,2.57,317.0,0.0,0.0,0.0,0.7313537016191707,-0.6819983600624983
1750083358.29,False,avance_libre,2.57,317.1,0.0,0.0,0.0,0.7325428987873789,-0.6807208689589177
1750083358.777,False,avance_libre,2.57,317.0,0.0,0.0,0.0,0.7313537016191707,-0.6819983600624983
1750083359.29,False,avance_libre,2.57,317.1,0.0,0.0,0.0,0.7325428987873789,-0.6807208689589177
1750083359.791,False,avance_libre,2.57,317.0,0.0,0.0,0.0,0.7313537016191707,-0.6819983600624983
1750083360.276,False,avance_libre,2.57,317.1,0.0,0.0,0.0,0.7325428987873789,-0.6807208689589177
1750083360.783,False,avance_libre,2.57,317.0,0.0,0.0,0.0,0.7313537016191707,-0.6819983600624983
1750083361.278,False,avance_libre,2.57,317.1,0.0,0.0,0.0,0.7325428987873789,-0.6807208689589177
1750083361.776,False,avance_libre,2.57,317.0,0.0,0.0,0.0,0.7313537016191707,-0.6819983600624983
